ulna	forearm	1
pincer	crustacean	1
conjunctiva	optic	1
shaft	plume	1
zipper	trouser	1
stage	journeying	1
spike	shoe	1
second	minute	1
heat_shield	spacecraft	1
skull	head	1
south_carolina	south	1
liver	circulatory_system	1
oxygen_mask	scuba	1
transportation	mercantilism	1
lithosphere	world	1
turbojet_engine	turboprop	1
rochester	ny	1
dominican_republic	caribbean	1
short	infield	1
chain	wheel	1
water	hydrosphere	1
nigeria	africa	1
hub	propellor	1
sedimentary	parachute	1
south_dakota	usa	1
plunger	reciprocating_engine	1
roof	motorcar	1
kinetochore	chromosome	1
afterburner	turbojet_engine	1
brake_pedal	hydraulic_brakes	1
nasopharynx	throat	1
radiator_grille	motorcar	1
pacific_northwest	british_columbia	1
pueblo	colorado	1
frontal_lobe	pallium	1
viewfinder	gunsight	1
mount	framework	1
radical	molecule	1
ordnance	battery	1
doubling	cards	1
endometrium	womb	1
crumb	baked_goods	1
ligament	musculature	1
act	opera	1
tide	shellfish	1
madison	wisconsin	1
neckline	frock	1
clinch	bolt	1
medina	saudi_arabia	1
gig	tackle	1
subclavian_artery	collarbone	1
lock	door	1
chester	pennsylvania	1
topping	dish	1
racine	wisconsin	1
folktale	folklore	1
ward	infirmary	1
thorax	vertebrate	1
houston	tx	1
hierarchy	system	1
southeast_asia	asia	1
line	stanza	1
volcanic_crater	volcano	1
pixel	raster	1
scruple	dram	1
qualifier	phrase	1
barbary	africa	1
backbone	network	1
carpel	flower	1
spain	europe	1
paging	page	1
word	kilobyte	1
courtyard	edifice	1
roll	craps	1
tail	ship	1
window	motorcar	1
atom	element	1
locker_room	workplace	1
epididymis	testis	1
tide	arthropod	1
chassis	motor_vehicle	1
head	screw	1
matrix	connective_tissue	1
aden	yemen	1
door	threshold	1
iris	optic	1
choir	sanctuary	1
acrobatic_stunt	tumbling	1
nj	usa	1
subcontinent	continent	1
beach	shore	1
sky	world	1
panel	umbrella	1
genesis	torah	1
perch	roost	1
toe	pes	1
roanoke	virginia	1
detector	wireless	1
term	proposition	1
sixties	years	1
urethra	phallus	1
liverpool	england	1
heel	shoe	1
oregon	usa	1
leg	trouser	1
loquat	loquat_tree	1
nucleus	cell	1
declaration	bridge	1
lebanon	asia	1
layer	laminate	1
pacific_northwest	usa	1
plinth	pillar	1
pillar	temple	1
seattle	washington	1
stand	stadium	1
hold	saucepan	1
wiper_blade	motor_vehicle	1
hold	luggage	1
thigh	leg	1
osmosis	dialysis	1
singapore	southeast_asia	1
el_paso	tx	1
blade	knife	1
midstream	watercourse	1
blade	sword	1
lid	jar	1
zipper	cardigan	1
whorl	hairstyle	1
penny	quid	1
subsumption	syllogism	1
valve	ticker	1
casper	wyoming	1
epoch	period	1
vernal_equinox	march	1
rudder	watercraft	1
paunch	trunk	1
exodus	torah	1
chest	thorax	1
bushel	quarter	1
drawer	dresser	1
introduction	yarn	1
germany	europe	1
warp	weave	1
moonbeam	moonshine	1
tastebud	tongue	1
diffusor	lamp	1
helm	powerboat	1
hip	trunk	1
cell	organism	1
bidding	bridge	1
ny	usa	1
trophoblast	heterodyne	1
point	pencil	1
inertial_navigation_system	spacecraft	1
venter	trunk	1
gastrulation	ontogeny	1
incident	episode	1
tumbler	lock	1
helm	ship	1
msec	second	1
rumen	ruminant	1
ball	sole	1
vas_deferens	testis	1
aberdeen	washington	1
stem	hold	1
vane	propellor	1
fort_wayne	indiana	1
ear	head	1
garland	tx	1
body	yarn	1
steering	seafaring	1
instep	pes	1
sternum	axial_skeleton	1
sunset	eventide	1
throttle	plane	1
sunshine	temperament	1
bollard	wharfage	1
condyle	os	1
sleeve	garment	1
microgram	milligram	1
sacrum	pelvis	1
node	stem	1
fowl	bird	1
amarillo	tx	1
scotland	europe	1
stock	ordnance	1
south_africa	africa	1
carom	pool	1
evening	nighttime	1
treadle	wheel	1
assault	onslaught	1
spile	cask	1
window	edifice	1
mm	cm	1
storefront	store	1
kickstand	wheel	1
tooth	comb	1
mattress	bed	1
location	space	1
glasgow	scotland	1
pulse_generator	radiolocation	1
emersion	occultation	1
scut	rabbit	1
porch	house	1
taste	serving	1
segmentation	pregnancy	1
hilt	sticker	1
quill	porcupine	1
bedspring	bedstead	1
magazine	gun	1
portsmouth	england	1
wing	angel	1
hemisphere	world	1
heirloom	inheritance	1
czech_republic	europe	1
outfield	diamond	1
tastebud	epiglottis	1
rump	quadruped	1
sunday	weekend	1
cochlea	labyrinth	1
keyboard	terminal	1
milwaukee	wisconsin	1
typewriter_keyboard	typewriter	1
thorax	trunk	1
bract	inflorescence	1
hydrosphere	world	1
newark	nj	1
drumstick	fowl	1
footlights	proscenium	1
yard	chain	1
charleston	south_carolina	1
runner	sleigh	1
tread	walking	1
schoolroom	schoolhouse	1
seasoning	preparation	1
variety	species	1
panel	gui	1
handrail	balcony	1
prism	spectroscope	1
tsa	transportation	1
windshield	motor_vehicle	1
parasympathetic_nervous_system	autonomic_nervous_system	1
gaza_strip	zion	1
italy	europe	1
boeuf	oxen	1
zimbabwe	africa	1
waco	tx	1
gunlock	gun	1
dorsum	trunk	1
kiwi_fruit	kiwi_vine	1
newport	ri	1
npc	cia	1
bumper	truck	1
clasp	purse	1
amplifier	wireless	1
pawl	ratchet	1
tip	pencil	1
cambridge	england	1
rinsing	washing	1
switzerland	europe	1
skullcap	cranium	1
reef	sheet	1
clause	sentence	1
stock	gun	1
web	plume	1
transport	tape_recorder	1
lemon_rind	lemon	1
aberdeen	south_dakota	1
stratum	society	1
ft	yard	1
basilar_artery	head	1
bathos	story	1
terra_firma	world	1
rf	brainstem	1
tollhouse	toll_plaza	1
scablands	washington	1
travail	pregnancy	1
bumper	motorcar	1
silk_gland	silkworm	1
shank	ungulate	1
pail	waterwheel	1
spare_tire	trunk	1
territorial_waters	main	1
rider	statute	1
majority	maturity	1
complaint	indictment	1
weekend	week	1
effacement	travail	1
glove_compartment	motorcar	1
crown	route	1
main	infrastructure	1
log	ship	1
hg	kilogram	1
jaw	plyers	1
utah	usa	1
clasp	bracelet	1
oxford	england	1
polaroid	sunglasses	1
sound	video	1
top	circus	1
point	listing	1
hinge	gate	1
hold	coffeepot	1
bam	persia	1
spindle	drive	1
point	score	1
fez	morocco	1
wing	fowl	1
handlebar	wheel	1
stem	key	1
hood_ornament	hood	1
philadelphia	pennsylvania	1
busbar	powerhouse	1
words	dialogue	1
petabyte	exabyte	1
threshold	wall	1
sierra_leone	africa	1
body	speech	1
dash	morse_code	1
ionosphere	atmosphere	1
denial	trial	1
cranium	skull	1
shoestring	shoe	1
keyboard	pipe_organ	1
movement	sonata	1
pocket	garment	1
turnaround	route	1
temporal_bone	cranium	1
blade	spatula	1
medulla_oblongata	brainstem	1
lancaster	england	1
hold	handset	1
hold	briefcase	1
penal_institution	infrastructure	1
arm	man	1
parietal_lobe	pallium	1
beaver	helmet	1
savoy	italy	1
nyala	sudan	1
colorado_springs	colorado	1
throat	neck	1
stock	whip	1
snowflake	snowfall	1
head	hammer	1
mississippi_river	usa	1
toledo	ohio	1
england	europe	1
stamen	flower	1
trunk	tree	1
stabilizer_bar	motorcar	1
nh	usa	1
nature	personality	1
bark	branch	1
crt	scope	1
computing	ip	1
pacific_northwest	oregon	1
midsection	trunk	1
hm	km	1
uterine_cervix	womb	1
trumping	bridge	1
extremity	limb	1
mate	yoke	1
trochanter	thighbone	1
quark	hadron	1
northern_ireland	europe	1
quill	hedgehog	1
petal	corolla	1
phrase	tune	1
head	fauna	1
tap	cask	1
nucleus	comet	1
richmond	virginia	1
base	infield	1
stone	quarter	1
exabyte	zettabyte	1
megabit	gigabit	1
den	home	1
hold	umbrella	1
umbilical_cord	fertilized_egg	1
buffalo	ny	1
handwheel	lathe	1
personality	soul	1
rump	bird	1
jerusalem	zion	1
stall	library	1
jaw	skull	1
hold	mug	1
hold	spatula	1
chromosome	nucleus	1
broomstick	broom	1
manitoba	canada	1
common_bile_duct	liver	1
modality	physiotherapy	1
lip	mouth	1
norfolk	virginia	1
rod	furlong	1
saddle	wheel	1
shuffling	cards	1
keystone	arch	1
sudan	africa	1
birth	lifetime	1
pectoralis	thorax	1
minster	monastery	1
dressing_room	home	1
loins	trunk	1
intervertebral_disk	vertebral_column	1
landing_gear	plane	1
hood	plane	1
floorboard	motorcar	1
carat	gramme	1
thymus_gland	neck	1
segment	whole	1
ps	missive	1
north_korea	asia	1
casing	threshold	1
foreshore	seashore	1
week	month	1
bursa	turkey	1
shower_stall	bathroom	1
urinary_bladder	urinary_tract	1
space	aerospace	1
skeg	tail	1
albuquerque	nm	1
organization	regime	1
tympanum	ear	1
strap	teddy	1
marrow	os	1
south_korea	asia	1
step	stairway	1
expiration	ventilation	1
revoke	cards	1
lure	trap	1
roman_empire	europe	1
white	eggs	1
badlands	south_dakota	1
arch	span	1
chuck	lathe	1
lift	edifice	1
orb	optic	1
dayton	ohio	1
hallux	pes	1
tree_stump	tree	1
twilight	eventide	1
bit	bridle	1
icon	gui	1
washington	usa	1
bedstead	bed	1
prong	buckle	1
emitter	transistor	1
month	year	1
dinette	home	1
hamburg	germany	1
drug	pharmacopoeia	1
pacific_northwest	washington	1
wager	pool	1
corpus_christi	tx	1
understructure	structure	1
intersection	route	1
chancre	syphilis	1
intake	ventilation	1
leg	chair	1
hemisphere	cerebrum	1
shiraz	persia	1
hypoxia	asphyxia	1
pennsylvania	usa	1
cincinnati	ohio	1
wing	edifice	1
base	vessel	1
lobe	organ	1
stripe	garment	1
columbus	ohio	1
oasis	desert	1
face	fauna	1
vinifera_grape	vitis_vinifera	1
riviera	italy	1
fuselage	plane	1
nucleolus	nucleus	1
brim	lid	1
bird's_foot	bird	1
culmination	story	1
zipper	frock	1
wale	watercraft	1
darfur	sudan	1
syracuse	ny	1
skull	axial_skeleton	1
graving_dock	shipyard	1
bench	team	1
quintal	tonne	1
tremor	shaking_palsy	1
uganda	africa	1
fin	fish	1
waistline	trunk	1
surface	lithosphere	1
niagara_falls	ny	1
pull	smoking	1
bar	goal	1
trait	personality	1
thighbone	thigh	1
kidney	urinary_tract	1
saturation	plastination	1
spermatozoon	seminal_fluid	1
swing	playground	1
missive	mail	1
shaft	mine	1
aggression	warfare	1
urethra	vulva	1
section	whole	1
tusk	wild_boar	1
rocker	rocking_chair	1
vertebra	vertebral_column	1
prong	fork	1
odometer	motor_vehicle	1
square	city	1
row	wall	1
hilt	sword	1
entablature	temple	1
virginia	usa	1
eyelet	garment	1
tooth	saw	1
toilet	bathroom	1
cinnamon_bark	cinnamon	1
fixing	plastination	1
grating	furnace	1
hz	kilohertz	1
puerto_rico	caribbean	1
carom	billiards	1
cockpit	aircraft	1
pulse_generator	sonar	1
electric_motor	trolleybus	1
sole	pes	1
cytokinesis	mitosis	1
huntington	wv	1
gulf	sea	1
gary	indiana	1
epitope	antigen	1
centime	franc	1
ratline	ship	1
brunswick	germany	1
micron	mm	1
aerospace	space	1
tip	knife	1
electric_motor	smoother	1
renascence	history	1
tastebud	throat	1
face	racquet	1
dredge	dredger	1
heel	boot	1
hashish	indian_hemp	1
rim	vessel	1
damper	chimney	1
portland	oregon	1
filament	lightbulb	1
land	state	1
woof	weave	1
kitchen	home	1
head	striated_muscle	1
affix	word	1
poll	horse	1
cathode	vacuum_tube	1
combat	warfare	1
clinch	nail	1
break	pool	1
clinic	infirmary	1
track	tramway	1
anterior_pituitary_gland	pituitary_gland	1
grape	grapevine	1
dateline	dispatch	1
shell	eggs	1
stave	folding_chair	1
course	repast	1
waters	amniotic_cavity	1
wimbledon	london	1
retina	optic	1
provo	utah	1
rattle	rattlesnake	1
windshield	plane	1
hem	textile	1
drawer	commode	1
bodyguard	suite	1
cornea	optic	1
centerfield	outfield	1
ticker	circulatory_system	1
upper	shoe	1
bark	trunk	1
hold	skillet	1
axial_skeleton	endoskeleton	1
vertebral_column	axial_skeleton	1
treadle	pipe_organ	1
nih	hhs	1
wall	room	1
carotid_artery	neck	1
deck	ship	1
withers	horse	1
saddle	dorsum	1
rotor	whirlybird	1
natal	south_africa	1
hoof	ungulate	1
san_juan	puerto_rico	1
nosepiece	spectacles	1
gallbladder	thorax	1
almond	sweet_almond	1
style	pistil	1
sector	economy	1
gunsight	gun	1
base	lamp	1
ocular	sights	1
europe	west	1
leftfield	outfield	1
stand	park	1
railing	handrail	1
neckline	sweater	1
splasher	vehicle	1
vane	whirlybird	1
swansea	wales	1
plano	tx	1
pad	paw	1
rio_grande	usa	1
plume	bird	1
stairway	edifice	1
node	circulatory_system	1
rib	hull	1
rib	umbrella	1
pubis	pelvis	1
point	needle	1
pierre	south_dakota	1
washboard	watercraft	1
stylus	pickup	1
terabyte	petabyte	1
stem	nail	1
sudan	africa	1
pole	magnet	1
brakes	motor_vehicle	1
ohio	usa	1
helm	tugboat	1
wisconsin	usa	1
dying	lifetime	1
cheek	trunk	1
jaw	vise	1
proverbs	writings	1
hand	timepiece	1
supplication	service	1
cabin	ocean_liner	1
thigh	fowl	1
hind_leg	quadruped	1
louisville	ky	1
point	pin	1
saddle	poultry	1
hatband	lid	1
roofing	construction	1
tacoma	washington	1
ending	speech	1
flooring	room	1
paw	man	1
gluteus_muscle	cheek	1
flooring	hallway	1
eye	needle	1
shelf	cabinet	1
archway	wall	1
arlington	tx	1
gene	chromosome	1
newport	wales	1
cabin	aircraft	1
bull's_eye	target	1
wardrobe	wearable	1
dish	repast	1
space	musical_notation	1
stabilizer_bar	truck	1
deal	cards	1
nucleic_acid	dna	1
urethra	urinary_tract	1
cl	dl	1
sector	society	1
pelage	mammalian	1
lacing	shoe	1
pad	finger	1
marijuana	hemp	1
matrix	gristle	1
iliac_artery	ilium	1
lakeland	england	1
hi	usa	1
shaft	edifice	1
sauce	dish	1
edging	rug	1
windshield	powerboat	1
roadbed	route	1
rein	bridle	1
manchester	nh	1
abdominal_muscle	venter	1
cloud	sky	1
umbilicus	venter	1
nightcap	nightie	1
san_antonio	tx	1
wv	usa	1
backrest	chair	1
acrosome	spermatozoon	1
windpipe	neck	1
north	usa	1
keep	castle	1
summoning	exorcism	1
piece	unit	1
tip	arrowhead	1
lamentations	writings	1
cent	dollar	1
bit	drill	1
shelf	dresser	1
roman_empire	africa	1
wall	edifice	1
os	endoskeleton	1
refrain	vocal	1
point	awl	1
withers	sheep	1
jak	jackfruit_tree	1
sketch	publication	1
valencia	spain	1
south_carolina	usa	1
rebound	hoops	1
infield	diamond	1
meshed	persia	1
viewfinder	telescope	1
tehran	persia	1
drawer	desk	1
quickening	pregnancy	1
ontario	canada	1
corpuscle	blood	1
hold	racquet	1
radio_frequency	electromagnetic_spectrum	1
mow	barn	1
jamaica	caribbean	1
tilling	husbandry	1
barcelona	spain	1
semicircular_canal	labyrinth	1
reticule	ocular	1
fender	motorcar	1
ingredient	dish	1
uterine_artery	womb	1
blade	scissors	1
nm	micron	1
occipital_lobe	pallium	1
superior_colliculus	midbrain	1
paterson	nj	1
matrix	os	1
pes	leg	1
tit	mammary_gland	1
intestine	venter	1
therapeutic	treatment	1
term	understanding	1
scut	deer	1
sapota	sapodilla_tree	1
persia	asia	1
return	tennis	1
gauze_bandage	patch	1
gigabit	terabit	1
xmas	december	1
loft	house	1
niagara_falls	ontario	1
escape_hatch	plane	1
os	platform	1
pallium	cerebrum	1
psalms	writings	1
tx	usa	1
barb	arrowhead	1
nook	edifice	1
shifter	motor_vehicle	1
kilobit	megabit	1
shirtfront	shirt	1
wall	hallway	1
estuary	river	1
trotter	sheep	1
hold	brush	1
persimmon	kaki	1
westminster	london	1
innings	cricket	1
classwork	teaching	1
strip	comic_book	1
marabou	marabout	1
lincoln	nebraska	1
hold	lumber	1
hold	carrycot	1
lexington	ky	1
runway	strip	1
cigarette_butt	fag	1
train	engine	1
share	profits	1
pendent	necklace	1
drawer	sideboard	1
maritimes	canada	1
sea	hydrosphere	1
face	head	1
horn	goat	1
slipknot	snare	1
handwheel	valve	1
leon	spain	1
forte	sword	1
stave	rocking_chair	1
antiquity	history	1
colosseum	rome	1
mihrab	mosque	1
ending	yarn	1
placenta	womb	1
princeton	nj	1
syphilis	neurosyphilis	-1
segment	fragmentation	-1
lobe	cerebrum	-1
aircraft	aircraft	-1
wile	electromagnet	-1
pas_de_deux	adagio	-1
eyelet	windshield	-1
repartee	bowl	-1
africa	ruf	-1
stake	filthy_lucre	-1
cartoonist	supporter	-1
hold	meat_cleaver	-1
km	hm	-1
sights	sights	-1
dg	carat	-1
ruination	source	-1
emitter	electronics	-1
root	tree	-1
stickiness	system	-1
signal_caller	venture	-1
pail	wheel	-1
connective_tissue	array	-1
richmond	norfolk	-1
wale	hold	-1
nh	nh	-1
finale	understanding	-1
trickster	felicitation	-1
ruf	hemisphere	-1
nsw	ctc	-1
polaroid	polaroid	-1
usa	waco	-1
sonar	pallet	-1
roast	archangel	-1
notochord	vertebral_column	-1
parturition	lifer	-1
edifice	revivification	-1
music	couch_potato	-1
yankee	paleface	-1
process	placental_mammal	-1
adornment	necklace	-1
crumb	papering	-1
declaration	monument	-1
withers	oxen	-1
ohio	spain	-1
lagos	african	-1
shirt	jacket	-1
ois	usa	-1
haulage	panting	-1
phrase	music	-1
schoolroom	farm	-1
sagacity	protagonism	-1
blade	turner	-1
wv	wv	-1
pacific_northwest	staffer	-1
vacuum_tube	preserve	-1
viii	uvea	-1
usa	roanoke	-1
parturition	parity	-1
yemen	continent	-1
trunk	cabin	-1
inch	inch	-1
epoch	domino_effect	-1
roanoke	southerner	-1
ky	louisville	-1
buffalo	syracuse	-1
eternal_damnation	state	-1
desert	outfield	-1
infield	soot	-1
exabyte	exabyte	-1
repast	repast	-1
keyboard	terminus	-1
thighbone	volcanic_eruption	-1
sore	neurosyphilis	-1
hold	container	-1
hoof	man	-1
turkey	liberty	-1
concern	wheel	-1
support	shoot	-1
allotment	accumulation	-1
trade	construction	-1
head	endoskeleton	-1
medicine	epitope	-1
underlayment	fox	-1
breath	word	-1
snorting	adduction	-1
folklore	folktale	-1
senility	oldness	-1
platform	stage	-1
rio_grande	dogsled	-1
gift	arrowhead	-1
nj	nh	-1
choir	shelter	-1
hanover	asia	-1
wheeling	temple	-1
sierra_leone	orient	-1
garnish	custard	-1
room	stabilizer_bar	-1
yankee	ny	-1
congenital_disorder	paw	-1
trade	structure	-1
academia	stratum	-1
man	feline	-1
flooring	alternator	-1
indiana	ny	-1
feeler	paw	-1
squid	vendor	-1
serving	wildfowl	-1
grating	kiln	-1
london	london	-1
solidifying	plastination	-1
lacing	sandal	-1
stage	segmentation	-1
spectroscope	telescope	-1
husbandry	broadcast	-1
intersection	edge	-1
commercialization	shelf	-1
skull	politico	-1
ben	asia	-1
erie	wyoming	-1
river	ois	-1
intimidation	combat	-1
track	atmosphere	-1
wing	vertebrate	-1
bollard	stevedore	-1
wheel	wheel	-1
tying	edge	-1
device	device	-1
stripe	loungewear	-1
keyboard	hypnosis	-1
sweep	yell	-1
huntsman	missive	-1
treatment	treatment	-1
silkworm	silkworm	-1
cambridge	virginia	-1
stance	park	-1
stringed_instrument	pianoforte	-1
variation	crustacean	-1
tailgate	schoolhouse	-1
process	gamete	-1
safeguard	steps	-1
compartment	wagon	-1
shore	shape	-1
warp	mosque	-1
motor_vehicle	open	-1
cards	statement	-1
fish	smelt	-1
spermatic_cord	spermatic_cord	-1
teaching	lecturing	-1
magnitude	amplifier	-1
usa	wisconsin	-1
coliseum	roman	-1
ligament	ligament	-1
jerusalem	jerusalem	-1
dresser	armchair	-1
fishhook	spear	-1
liver	liver	-1
nigeria	zimbabwe	-1
boat	tug	-1
statute	lowness	-1
treadle	umbilicus	-1
swansea	island	-1
fascination	humdinger	-1
circulatory_system	american	-1
removal	followup	-1
spear	projectile	-1
tuber	hold	-1
seat	flypast	-1
rib	varnish	-1
sea	watering	-1
pogy	pogy	-1
nepal	hinduism	-1
phenomenon	thighbone	-1
turbojet	turbojet	-1
etymology	antiquity	-1
splenic_artery	splenic_artery	-1
sword	scissors	-1
san_juan	san_juan	-1
construction	twine	-1
disclaimer	trial	-1
skullcap	joint	-1
portland	union	-1
wink	secondment	-1
barrio	wisconsin	-1
town	usa	-1
word	reason	-1
yarn	will	-1
variety	flower	-1
hold	hit	-1
kiwi_vine	vine	-1
africa	occupation	-1
kinetochore	collection	-1
nail	meander	-1
puerto_rico	rastas	-1
entryway	witch	-1
struggle	ship	-1
rolling	treadle	-1
doorframe	drug_cartel	-1
territorial_waters	sea	-1
socket	untangling	-1
point	intestine	-1
archipelago	nitrogen	-1
surface	water	-1
ordnance	rome	-1
prong	prong	-1
throat	tongue	-1
formation	head	-1
gramme	gramme	-1
pistil	pistil	-1
england	liverpool	-1
aircraft	pilot	-1
tip	label	-1
port	germany	-1
signer	sign	-1
midbrain	inferior_colliculus	-1
motorcar	motorcar	-1
computing	listing	-1
enclosure	chain	-1
fate	goal	-1
organ	organism	-1
utah	pittsburgh	-1
log	platform	-1
rear	windpipe	-1
stoppage	raven	-1
exodus	genesis	-1
tableware	retard	-1
impulsion	tail	-1
waistline	abdominal_cavity	-1
deck	ox	-1
endometrium	artery	-1
scotland	ben	-1
flower	sunflower	-1
explosive_device	explosive_device	-1
flower	thong	-1
mine	mine	-1
understanding	jewelry	-1
worry	scruple	-1
diffusion	chemistry	-1
kludge	thicket	-1
signification	tip	-1
port	plano	-1
percolate	comic_book	-1
activity	work	-1
fridge	electric_motor	-1
subculture	ontogeny	-1
submitter	set	-1
saint	economy	-1
wing	rod	-1
tastebud	tastebud	-1
mantlepiece	drawer	-1
semester	understanding	-1
pean	history	-1
africa	prefecture	-1
franc	franc	-1
grating	cookstove	-1
sandwich	custard	-1
space	endometrium	-1
bark	bark	-1
shipyard	pit	-1
ventilator	oxygen_mask	-1
africa	south_africa	-1
poultry	trunk	-1
tally	supply	-1
lathe	controller	-1
oxford	manchester	-1
handlebar	plate	-1
grassland	leftfield	-1
scotland	quadrillion	-1
plane	plane	-1
strain	fishing_rod	-1
roanoke	roanoke	-1
oregon	sextillion	-1
field	tract	-1
player	neck	-1
subunit	cent	-1
phenomenon	spermatozoon	-1
january	yuletide	-1
school	schoolroom	-1
newport	newport	-1
machine_gunner	shoot	-1
ante	reader	-1
centavo	subunit	-1
provo	usa	-1
tilt	penetration	-1
nm	mm	-1
dissolution	sea	-1
sacrum	pubis	-1
moroccan	african	-1
turk	splintering	-1
newark	vernacular	-1
north_korea	yemen	-1
partitionist	travail	-1
insectivore	insectivore	-1
progenitor	root	-1
moderation	catacomb	-1
spouse	drowse	-1
thruway	thruway	-1
hood_ornament	headgear	-1
member	vertebrate	-1
wound	caff	-1
room	hermitage	-1
asia	landmass	-1
arm	feline	-1
wreckage	boot	-1
timber	taping	-1
cloud	atmosphere	-1
contract	cards	-1
germany	slayer	-1
woodworking	skull	-1
stem	position	-1
play	couch_potato	-1
storefront	pharmacopoeia	-1
scrap	struggle	-1
geniality	trait	-1
boot	eyelet	-1
liverpool	suburbia	-1
providence	turbine	-1
mow	student	-1
courtyard	whorehouse	-1
gigabit	gigabit	-1
corolla	way	-1
interior_decoration	fuselage	-1
african	zambia	-1
motorcycle	motorcycle	-1
breath	snuffle	-1
december	yuletide	-1
key	tonality	-1
lede	compound	-1
declaration	cards	-1
aircraft	cabin	-1
bedstead	understructure	-1
inch	yard	-1
windshield	torture	-1
aberdeen	usa	-1
fruit	persimmon_tree	-1
substance	whorl	-1
seafaring	shoot	-1
thespian	entryway	-1
wheel	reprobate	-1
sauce	dishware	-1
pelvis	pubis	-1
common_bile_duct	inhabitant	-1
structure	tape	-1
garment	wank	-1
british_columbia	washington	-1
landing_gear	titanium	-1
waveguide	intervertebral_disk	-1
sport	plunge	-1
paw	limb	-1
robot	device	-1
topping	salad	-1
beekeeping	husbandry	-1
orbit	track	-1
target	goal	-1
transporter	transport	-1
book	book	-1
credentials	tank	-1
denial	try	-1
niagara_falls	gulf	-1
parcelling	profiteer	-1
thrust	sus	-1
room	room	-1
tx	trapezoid	-1
striated_muscle	umbilicus	-1
chester	wyoming	-1
urinary_tract	urethra	-1
stave	support	-1
tract	leftfield	-1
steal	turkey	-1
speech	reporter	-1
smash	truck	-1
mihrab	embayment	-1
nm	mel_gibson	-1
physiotherapy	massager	-1
south_dakota	aberdeen	-1
guard	gathering	-1
holdfast	adornment	-1
seat	team	-1
taint	atmosphere	-1
patronage	seconder	-1
urinary_tract	urinary_tract	-1
number	officialdom	-1
tuber	container	-1
grape	grape	-1
tilt	arrowhead	-1
fructification	ontogeny	-1
tremble	shaking_palsy	-1
facial_hair	whiskers	-1
dresser	move	-1
hold	timber	-1
pall	trouser	-1
finalization	twine	-1
stave	tie	-1
storefront	accumulation	-1
ocean_liner	surgery	-1
placenta	endometrium	-1
lightbulb	wire	-1
hind_leg	rump	-1
wheel	cart	-1
computing	icon	-1
bromine	dl	-1
hilt	portion	-1
oxford	lancaster	-1
transporter	windshield	-1
dying	lifer	-1
skull	vertebra	-1
mate	scarf	-1
singaporean	southeast_asia	-1
south	wild	-1
deck	venture	-1
tip	score	-1
continent	nepal	-1
tugger	ventilation	-1
motorcar	roof	-1
over	over	-1
gladiator	warfare	-1
holdfast	terminus	-1
germany	brownshirt	-1
rodent	headgear	-1
quadruped	collarbone	-1
freshwater	main	-1
stake	lake	-1
short	desert	-1
pad	thumb	-1
mail	ratline	-1
ml	dl	-1
terminus	magnetron	-1
medium	telegraphist	-1
temperament	machine	-1
pocketknife	wellness	-1
centrum	hinge	-1
truck	motorcar	-1
structure	optic	-1
sole	boot	-1
amplifier	broadcasting	-1
supplier	water	-1
ulnar_nerve	forearm	-1
chester	philadelphia	-1
bridle	volume	-1
beaver	headgear	-1
liquefaction	willpower	-1
carrycot	rebel	-1
calyx	roll	-1
book	genesis	-1
device	ship	-1
variant	variety	-1
island	caribbean	-1
bear	handset	-1
bilge	vernacular	-1
sassing	trunk	-1
finishing	weave	-1
tail	ox	-1
lobe	parietal_lobe	-1
weed	hemp	-1
thighbone	stripe	-1
make	hinge	-1
dispatch	line	-1
lobe	temporal_lobe	-1
jock	window	-1
terabit	gigabit	-1
cochlea	cochlea	-1
hair	facial_hair	-1
envy	card	-1
member	assets	-1
lymphoid_tissue	liver	-1
transport	vehicle	-1
pencil	implement	-1
splenic_artery	lymphoid_tissue	-1
canada	dogsled	-1
powerboat	plane	-1
emotionality	emotionality	-1
immunology	antigen	-1
cloud	lithosphere	-1
hold	strap	-1
sunset	sunset	-1
urinary_tract	kidney	-1
endometrium	uterine_cervix	-1
ejector	telescope	-1
slaughter	wing	-1
wire	connective_tissue	-1
collection	cardiology	-1
small_intestine	abdominal_wall	-1
poultry	relationship	-1
yarn	mutilation	-1
filler	smoke	-1
pallium	gyrus	-1
limiter	emitter	-1
myth	condominium	-1
european	region	-1
seashore	pacific_coast	-1
cia	npc	-1
motor_vehicle	handlebar	-1
movement	pocket	-1
luggage	chemistry	-1
excellence	lake	-1
mecca	medina	-1
crash	game	-1
bravado	word	-1
lamp	riddle	-1
taxidermist	skyscraper	-1
missive	card	-1
trapping	bridle	-1
pet	upper_respiratory_tract	-1
cheek	trauma	-1
outfield	infielder	-1
berry	kaki	-1
motor_vehicle	windshield	-1
directional_antenna	intervertebral_disk	-1
wineglass	hold	-1
centurion	utah	-1
pin	joggle	-1
toecap	kicking	-1
device	relevancy	-1
pes	structure	-1
panel	hold	-1
uv	sunshine	-1
thighbone	drumstick	-1
lacing	heel	-1
upbraiding	indictment	-1
milwaukee	pennsylvania	-1
kidney	vulva	-1
bairn	brownshirt	-1
port	lebanon	-1
book	writings	-1
thigh	member	-1
switzerland	polenta	-1
halogen	cl	-1
sang	sang	-1
snowfall	archway	-1
guard	music	-1
wrench	structure	-1
ship	helm	-1
organ	npc	-1
door	wall	-1
finishing	lithosphere	-1
world	academia	-1
turk	arm	-1
spain	basque	-1
prism	gunsight	-1
gene	monotype	-1
port	esquire	-1
structure	finger	-1
affix	show	-1
space	music	-1
xmas	yuletide	-1
jena	aken	-1
usa	confederate_soldier	-1
textile	parachutist	-1
level	pelvis	-1
shoestring	toecap	-1
rightfield	tract	-1
tumble	gymnastics	-1
weave	plume	-1
bed	society	-1
reach	lock	-1
exabyte	petabyte	-1
canada	portland	-1
manitoba	manitoba	-1
worship	marines	-1
rotary_engine	whirlybird	-1
persia	yemen	-1
wing	swarm	-1
treadle	motor_vehicle	-1
levy	bridge	-1
ctc	ctc	-1
mine	vertebrate	-1
explanation	rationale	-1
northern_ireland	north_korea	-1
placental_mammal	pachyderm	-1
wing	passerine	-1
stop	motorcar	-1
tree	tree_stump	-1
bomber	airliner	-1
chemistry	moonbeam	-1
loop	rat	-1
seafaring	rule	-1
stuff	stuff	-1
chemistry	qualitative_analysis	-1
sura	cheek	-1
contract	sweep	-1
punk_rocker	seat	-1
pair	garment	-1
shoe	portion	-1
shelling	eggs	-1
textile	textile	-1
ingredient	music	-1
support	rocking_chair	-1
work	garment	-1
tipper_truck	instrumentation	-1
motor_vehicle	boat	-1
savoy	european	-1
dallas	el_paso	-1
musculus	quran	-1
yarn	weave	-1
turbine	powerboat	-1
lathe	thermostat	-1
american	lymph	-1
barrier	occipital_lobe	-1
shifter	truck	-1
worship	service	-1
paging	number	-1
turd	aircraft	-1
abdominal_muscle	trunk	-1
menorrhagia	metonymy	-1
bushel	stone	-1
side	regime	-1
lincoln	usa	-1
usa	quadrillion	-1
suddenness	erin	-1
shelf	mantlepiece	-1
vertebrate	plyers	-1
organ	wing	-1
surcease	sorting	-1
stick	tip	-1
psf	asia	-1
resolve	guidance	-1
computing	pixel	-1
worry	species	-1
mobilization	exorcism	-1
whole	piece	-1
loins	tooth	-1
body	university	-1
occipital_bone	vertebral_column	-1
nasopharynx	organ	-1
lightbulb	telegraphy	-1
panel	motorcar	-1
wheel	ride	-1
asia	meshed	-1
wapiti	withers	-1
medina	mecca	-1
shower_curtain	eyelet	-1
zygomatic_arch	point	-1
swelling	thrusting	-1
bedspring	bed	-1
corolla	hair	-1
swindle	schoolhouse	-1
prologue	romance	-1
weekend	year	-1
milligram	milligram	-1
tank	bombing	-1
whirlybird	turbine	-1
viewfinder	prism	-1
computing	tramway	-1
hallway	room	-1
thigh	wing	-1
prologue	attention	-1
pierre	sioux_falls	-1
acromion	racing	-1
asia	aden	-1
tank	lid	-1
industrialist	insect	-1
forearm	supply	-1
plyers	jaw	-1
looping	motorcar	-1
skid	boat	-1
workout	stage	-1
set	parkway	-1
gamete	seminal_fluid	-1
testis	epididymis	-1
wear	dying	-1
substance	controller	-1
ohio	american	-1
salient	straw_hat	-1
yemen	principality	-1
axial_skeleton	skullcap	-1
doorknob	hold	-1
crt	waveguide	-1
riddle	extraction	-1
south_korea	tegu	-1
wipe	statute	-1
inning	whole	-1
hold	hold	-1
maquiladora	camden	-1
stylus	delivery	-1
stupidity	meld	-1
gigabyte	petabyte	-1
posture	shelter	-1
substance	molecule	-1
salisbury	salisbury	-1
africa	roman	-1
episode	incident	-1
setting	tract	-1
town	billionth	-1
msec	hr	-1
tool	urethra	-1
pallium	lobe	-1
striated_muscle	striated_muscle	-1
manchester	south	-1
motor_vehicle	minicar	-1
archway	flooring	-1
waters	waters	-1
lense	fresnel_lens	-1
undersurface	watercraft	-1
africa	hemisphere	-1
mirror	ocular	-1
separation	work	-1
ny	ny	-1
division	train	-1
usa	davenport	-1
aken	europe	-1
marrow	sacrum	-1
iciness	stone	-1
wing	fly	-1
ride	boat	-1
layer	ionosphere	-1
room	condominium	-1
boat	helm	-1
player	toboggan	-1
throat	snuggling	-1
vehicle	watercraft	-1
turbojet_engine	turbojet_engine	-1
room	dining_room	-1
sudan	darfur	-1
europe	region	-1
surface	surface	-1
veering	operation	-1
kinetochore	law	-1
collection	asia	-1
opening	renting	-1
fowl	bird's_foot	-1
ohio	basque	-1
sunset	daytime	-1
optic	retina	-1
organism	shellfish	-1
seattle	generalship	-1
salvation	confession	-1
claim	contract	-1
autonomic_nervous_system	parasympathetic_nervous_system	-1
medicine	pharmacy	-1
roast	stance	-1
rolling	cask	-1
pierre	yankee	-1
fishing_rod	rod	-1
fight	warfare	-1
move	lodestar	-1
broom	broom	-1
state	bulgur_wheat	-1
strap	strain	-1
sweep	internationality	-1
infield	carbon	-1
eventide	twilight	-1
norfolk	richmond	-1
viewfinder	machine_gunner	-1
italy	italy	-1
urinary_tract	urinary_bladder	-1
supply	caribbean	-1
kibbutz	moshav	-1
nebraska	south_dakota	-1
move	shift	-1
north	ft	-1
motor_vehicle	motorcycle	-1
pad	arm	-1
suture	tooth	-1
june	june	-1
giant	hold	-1
africa	sierra_leone	-1
riding_breeches	worktable	-1
solidifying	preserve	-1
propellor	oar	-1
tract	tract	-1
embryology	segmentation	-1
san_antonio	south	-1
spain	paleface	-1
hold	physics	-1
indian_hemp	hashish	-1
houston	tacoma	-1
yuletide	yuletide	-1
axial_skeleton	axial_skeleton	-1
nucleus	nucleus	-1
drug	drug	-1
trapezium	yankee	-1
hhs	hhs	-1
penny	penny	-1
law	tryout	-1
semicircular_canal	semicircular_canal	-1
room	flooring	-1
cytosine	photoflash	-1
flooring	flooring	-1
grand_piano	leg	-1
polyhedron	polyhedron	-1
brakes	hydraulic_brakes	-1
tract	infield	-1
lymphoid_tissue	tonality	-1
adjective	catchphrase	-1
horse	equine	-1
poll	mare	-1
motorization	fish	-1
stop	jaw	-1
port	south_africa	-1
pugilism	master	-1
laminate	laminate	-1
ruminant	jackrabbit	-1
homicide	slaying	-1
typewriter	typewriter_keyboard	-1
nj	badlands	-1
dance	wager	-1
hull	ship	-1
davenport	davenport	-1
rump	trace	-1
sophisticate	playing	-1
dissolution	water	-1
piece	point	-1
wind	ramification	-1
rejoicing	stork	-1
start	tract	-1
rod	kickstand	-1
motorcar	wager	-1
seat	turner	-1
blood	male	-1
cartoonist	compendium	-1
rod	wheel	-1
scissors	pocketknife	-1
magnitude	wireless	-1
tune	key	-1
wire	wire	-1
port	norfolk	-1
session	postulate	-1
throat	tastebud	-1
pipework	wheel	-1
garnish	motorcar	-1
usa	pennsylvania	-1
hilt	spatula	-1
north	trapezoid	-1
sole	paunch	-1
albuquerque	micron	-1
waterfall	tx	-1
usa	utah	-1
source	tip	-1
bam	asia	-1
courageousness	cart	-1
fishing_rod	spear	-1
hemp	lysergic_acid_diethylamide	-1
subscriber	wink	-1
sioux_falls	seattle	-1
gestapo	gestapo	-1
houston	dallas	-1
paw	lacing	-1
pin	finger	-1
bomber	plane	-1
communication	incident	-1
artifact	shirt	-1
structure	pes	-1
frontal_lobe	hemisphere	-1
usa	usa	-1
riviera	polenta	-1
artery	neck	-1
jerusalem	israeli	-1
supply	virginia	-1
dallas	san_antonio	-1
venter	tree	-1
dresser	validation	-1
stripe	linkage	-1
morse_code	morse_code	-1
face	spanker	-1
africa	continent	-1
drawing	supporter	-1
radiolocation	radiolocation	-1
improvement	saturation	-1
handrail	handrail	-1
ordnance	collection	-1
nyala	emir	-1
guanine	tract	-1
holdfast	workwear	-1
world	gyrus	-1
optic	orb	-1
portsmouth	czech_republic	-1
risc	ip	-1
clasp	supply	-1
state	dominican_republic	-1
hyena	paw	-1
hadron	quark	-1
underling	collection	-1
thigh	counter	-1
point	point	-1
member	toe	-1
hind_leg	chordate	-1
miler	dogsled	-1
zoning	compound	-1
hair	pelage	-1
hawaiian	usa	-1
spain	zodiac	-1
msec	tipper	-1
endoskeleton	collarbone	-1
while	legislator	-1
trouser	robe	-1
fork	eating_utensil	-1
spare_tire	dorsum	-1
snipping	emersion	-1
whole	oxygen	-1
cannon	asia	-1
south_korea	southeast_asia	-1
saddle	cheek	-1
petal	whorl	-1
psalms	trumping	-1
africa	kafir	-1
tail	submitter	-1
whorl	set	-1
hold	pot	-1
toilet	side	-1
nail	word	-1
wall	law	-1
phenomenon	gui	-1
mower	hold	-1
medicine	supply	-1
junction	flowerbed	-1
motorcar	plane	-1
territorial_waters	infrastructure	-1
knob	tableware	-1
procrastinator	tollhouse	-1
telescope	prism	-1
twilight	sunset	-1
spacecraft	system	-1
device	planning	-1
drawer	drawer	-1
tx	aden	-1
commune	europe	-1
doings	transport	-1
squirrel	cap	-1
temporal_bone	temporal_bone	-1
volcano	volcanic_crater	-1
hunting	snare	-1
robot	wall	-1
robot	sprout	-1
corpuscle	vertebrate	-1
tool	activity	-1
manhattan	suburbia	-1
telling	prosody	-1
semicircular_canal	cochlea	-1
compartment	abdominal_cavity	-1
baked_goods	pie	-1
slipperiness	shining	-1
structure	meat	-1
law	trap	-1
hold	switch	-1
continent	departed	-1
usa	spain	-1
archway	pedestrian_bridge	-1
nail	politics	-1
forearm	genus_homo	-1
gunsight	publication	-1
process	arm	-1
kiwi_vine	kiwi_vine	-1
ship	embarkment	-1
trochanter	thigh	-1
fracture	arrowhead	-1
moshav	jerusalem	-1
question	sanctuary	-1
ruminant	pronghorn_antelope	-1
percussive_instrument	motorcycle	-1
lincoln	nh	-1
wearable	propeller_plane	-1
structure	cilium	-1
africa	europe	-1
tilt	meat_cleaver	-1
bed	man	-1
words	script	-1
rate	awl	-1
folklore	dybbuk	-1
turboprop	plane	-1
cannon	pharmacopoeia	-1
sunshine	noncompliant	-1
ligament	trunk	-1
clinch	ram	-1
body	declamation	-1
yield	suspender	-1
employee	sentence	-1
taxonomy	textile	-1
organization	peace	-1
manitoba	welfare	-1
sheathing	centurion	-1
pietism	glasgow	-1
camden	town	-1
dakota	county	-1
style	flower	-1
volley	elephant	-1
belting	ticking	-1
belt	angle	-1
hyena	nutrition	-1
urging	yell	-1
tx	tx	-1
cranium	occipital_bone	-1
jock	hoops	-1
halal	boeuf	-1
prism	telescope	-1
point	dumplings	-1
terminus	atmosphere	-1
powerboat	helm	-1
clause	rider	-1
millennium	millennium	-1
ms	pennsylvania	-1
fraud	hold	-1
birch_tree	roof	-1
refocusing	release	-1
vertebral_column	vertebra	-1
vas_deferens	epididymis	-1
dateline	move	-1
resolve	hold	-1
gallbladder	vertebrate	-1
head	axial_skeleton	-1
record	submission	-1
symmetry	wrecking	-1
swastika	brownshirt	-1
throat	nasopharynx	-1
produce	inflorescence	-1
blade	meat_cleaver	-1
boot	waistline	-1
quadruped	quadruped	-1
wellington	usa	-1
whorl	flowerbed	-1
england	oxford	-1
continent	italy	-1
asia	persian	-1
truck	crash	-1
cabin	stabilization	-1
flooring	kitchen	-1
prong	brooch	-1
collection	north_korea	-1
finger	feel	-1
salisbury	ruf	-1
wipeout	wipeout	-1
clitoris	prepuce	-1
segment	politics	-1
macaroni	chair	-1
kitchen	level	-1
terabyte	zettabyte	-1
outbuilding	space	-1
usa	county	-1
sponge	brake	-1
kiwi_vine	wisteria	-1
stage	footlights	-1
shrub	berry	-1
web	lense	-1
infirmary	mail	-1
chamfer	legislature	-1
molar	saying	-1
saucer	vertebral_column	-1
process	viper	-1
layer	edifice	-1
loft	mow	-1
saving	baptism	-1
jak	jak	-1
salvation	baptist	-1
shellfish	lobster	-1
stroke	blow	-1
deck	passerine	-1
controller	structure	-1
taxonomy	step	-1
striated_muscle	pectoralis	-1
zone	scotland	-1
marabout	deck	-1
plane	transaction	-1
asia	tehran	-1
sorting	sorting	-1
authenticator	thigh	-1
travail	farrowing	-1
word	word	-1
saucer	pulse_generator	-1
knob	hold	-1
germany	port	-1
rule	move	-1
circulatory_system	valve	-1
head	hexapod	-1
insectivore	hedgehog	-1
revelation	shootout	-1
door	edifice	-1
fructification	cask	-1
loop	pocket	-1
dresser	dining_room	-1
artery	pelvis	-1
vertebral_column	subclavian_artery	-1
smoother	electric_motor	-1
england	lancaster	-1
world	landmass	-1
hong_kong	glasgow	-1
fertilized_egg	umbilical_cord	-1
window	move	-1
port	indiana	-1
tumbler	door	-1
kitchen	skyscraper	-1
room	dinette	-1
tooth	tooth	-1
arm	thigh	-1
broadcasting	iodine	-1
zodiac	middle	-1
teeth	tooth	-1
scruple	troy_ounce	-1
ladle	lumberman	-1
moonshiner	shape	-1
upper	pes	-1
motor_vehicle	helm	-1
head	helm	-1
stave	seat	-1
hold	law	-1
brake_pedal	truck	-1
exabyte	terabyte	-1
sector	thralldom	-1
renascence	liberal_arts	-1
break	wagerer	-1
meshed	shiraz	-1
bedspring	bedspring	-1
striated_muscle	fatty_tissue	-1
strap	hold	-1
dollar	cent	-1
marrow	artery	-1
scarf	lifer	-1
gunsight	panzer	-1
wear	top	-1
struggle	embarkment	-1
prayerbook	genesis	-1
quintillion	gary	-1
meshed	asia	-1
stage	etymology	-1
vise	vise	-1
support	tabernacle	-1
european	europe	-1
warp	wave	-1
vertebra	sternum	-1
herd	stag	-1
garment	circumvention	-1
structure	screw	-1
book	numbers	-1
commandment	saddle	-1
pommel	saucepan	-1
divestiture	padding	-1
indiana	fort_wayne	-1
play	shore	-1
overutilization	cask	-1
riddle	photoflash	-1
el_paso	arlington	-1
bear	implement	-1
barcelona	grand_inquisitor	-1
wop	italy	-1
bosom	spare_tire	-1
flag	withers	-1
midbrain	superior_colliculus	-1
midpoint	train	-1
sandal	trash	-1
therapist	therapy	-1
hemorrhage	stroke	-1
train	holdfast	-1
brooch	maturity	-1
kicking	fragment	-1
thrust	sura	-1
over	dance	-1
seafaring	line	-1
side	sphere	-1
matrix	tendon	-1
upper_respiratory_tract	ness	-1
seafaring	ship	-1
tennis	rally	-1
way	window	-1
explosive_device	mineworker	-1
joint	gate	-1
mona	mona	-1
tastebud	snuggle	-1
wrangle	blow	-1
footlights	top	-1
bosom	jar	-1
water	tongs	-1
hoops	hoops	-1
kitchen	bathroom	-1
joint	suture	-1
pregnancy	travail	-1
stop	pawl	-1
drawer	supply	-1
vernal_equinox	springtime	-1
weekend	sunday	-1
bookclub	motherhood	-1
ox	bull	-1
setting	posting	-1
dna	cytochrome	-1
postmortem	tunefulness	-1
hoops	cager	-1
roasting	teaching	-1
rein	pants	-1
position	tract	-1
repast	surface	-1
optic	nitwit	-1
roman_empire	roman_empire	-1
splasher	rocket	-1
pes	garment	-1
movement	movement	-1
textile	edging	-1
stroke	yard	-1
rocker	chair	-1
hood	helm	-1
organ	truck	-1
pietism	tank	-1
oratory	present	-1
elephant	hater	-1
pool	stake	-1
czech_republic	basque	-1
canada	manitoba	-1
second	secondment	-1
preparation	substance	-1
pancreatic_duct	pancreatic_duct	-1
inclining	morse_code	-1
selection	flower	-1
temperament	willing	-1
pin	holdfast	-1
jackfruit_tree	jak	-1
waver	weave	-1
tract	riddle	-1
roman_empire	imperium	-1
syracuse	partridge	-1
raft	trade	-1
structure	undersurface	-1
side	fishing_rod	-1
neck	state	-1
politico	waters	-1
windpipe	snuggle	-1
eating_utensil	holdfast	-1
room	quarters	-1
pugilism	hold	-1
poppy_seed	reaction	-1
dinette	room	-1
grand_inquisitor	european	-1
invoice	word	-1
virginia	port	-1
textile	network	-1
catacomb	commune	-1
region	world	-1
keystone	structure	-1
officiousness	compartment	-1
pulse_generator	waveguide	-1
carat	carat	-1
continent	africa	-1
venter	venter	-1
furnace	potbelly_stove	-1
nebraska	mestizo	-1
pouch	opening	-1
london	england	-1
buckle	zipper	-1
implement	motorcycle	-1
mesenteric_artery	treat	-1
spectacles	bifocals	-1
toilet	room	-1
physics	atom	-1
mow	abutment	-1
temple	edifice	-1
pierre	usa	-1
movement	disease	-1
collarbone	tooth	-1
sunday	week	-1
tacking	seafaring	-1
umbrella	support	-1
store	stocker	-1
headgear	showroom	-1
plane	propeller_plane	-1
bosom	trunk	-1
spying	amplifier	-1
trolleybus	electric_motor	-1
hydraulic_brakes	truck	-1
wv	wrongdoer	-1
diffusor	riddle	-1
tsa	wage	-1
yard	enclosure	-1
colloquialism	head	-1
pelvis	atrioventricular_valve	-1
synovial_joint	thumb	-1
head	spare_tire	-1
collection	underpants	-1
uterine_artery	artery	-1
micron	cm	-1
enclosure	edifice	-1
computing	panellist	-1
pallium	pallium	-1
shoot	hoops	-1
notochord	intervertebral_disk	-1
marijuana	caper	-1
segment	structure	-1
increase	skating_rink	-1
ps	line	-1
trial	retrial	-1
school	honesty	-1
synovial_joint	vertebrate	-1
session	find	-1
world	dead	-1
shape	set	-1
pluralism	atrioventricular_valve	-1
kedgeree	teatime	-1
crt	sonar	-1
albuquerque	albuquerque	-1
allotment	make	-1
stove	primus_stove	-1
compound	trophoblast	-1
steering	processing	-1
culture	phylogeny	-1
stratum	shopping	-1
heel	watercraft	-1
nh	tacoma	-1
compiler	writer	-1
totem	south	-1
caterpillar	caterpillar	-1
collarbone	endoskeleton	-1
weekend	gathering	-1
territory	nigeria	-1
pulse_generator	scope	-1
wall	householder	-1
flower	centaury	-1
vertebrate	blood	-1
temporal_bone	vertebral_column	-1
point	arrowhead	-1
lining	hold	-1
heel	lacing	-1
substitute	team	-1
stamp	eating_utensil	-1
hold	castle	-1
tailplane	man	-1
usa	england	-1
rastas	jamaica	-1
kilobit	terabit	-1
british_columbia	maritimes	-1
emersion	irruption	-1
tread	reach	-1
rate	kilohertz	-1
notice	posting	-1
cannon	warmer	-1
bird	rump	-1
conjunctiva	uvea	-1
rod	ride	-1
upside	tramway	-1
temple	house	-1
article	radical	-1
colorado	colorado_springs	-1
loft	story	-1
reticuloendothelial_system	inertial_navigation_system	-1
sole	instep	-1
overcharge	indictment	-1
nucleus	chromosome	-1
throat	terra_firma	-1
ky	toledo	-1
tread	tramway	-1
nyala	barbary	-1
charm	hold	-1
landing_gear	propeller_plane	-1
origination	genesis	-1
textile	parachuting	-1
seashore	foreshore	-1
cornstalk	vocalizing	-1
sierra_leone	nigeria	-1
yankee	virginia	-1
lebanon	traffic	-1
work	chair	-1
view	bomber	-1
vogue	slicing	-1
spermatozoon	ovum	-1
limb	ulnar_nerve	-1
town	princeton	-1
maquiladora	american	-1
fishing_rod	machine_gunner	-1
flower	scabious	-1
lifetime	state	-1
chimney	damper	-1
turboprop	turbojet_engine	-1
compound	compound	-1
parkway	freezer	-1
nj	toledo	-1
axial_skeleton	pubis	-1
farm	workplace	-1
rightfield	economy	-1
pull	smoke	-1
jamaica	sinhalese	-1
device	renting	-1
top	travail	-1
dilation	treatment	-1
supply	horse	-1
rider	cord	-1
safekeeping	herd	-1
location	ip	-1
headgear	rein	-1
word	tune	-1
semester	statement	-1
temperament	brassiere	-1
fertilized_egg	heterodyne	-1
subatomic_particle	sermon	-1
state	trainer	-1
geometry	padding	-1
acquisition	union	-1
node	liver	-1
safekeeping	tent	-1
spain	ohio	-1
gyrus	occipital_lobe	-1
notochord	joint	-1
line	ship	-1
flower	devaluation	-1
salt	xmas	-1
route	clearway	-1
point	custard	-1
seat	bench	-1
troy_ounce	troy_ounce	-1
jewelry	player	-1
cerebrum	world	-1
biome	gathering	-1
waterman	nail	-1
motor_vehicle	landing_gear	-1
surface	hold	-1
daniel	proverbs	-1
desk	dresser	-1
newark	newark	-1
holdfast	necklace	-1
deck	bollard	-1
odometer	pipe_organ	-1
waterman	opera	-1
asia	vegetation	-1
nyala	territory	-1
saucer	axial_skeleton	-1
hoof	quadruped	-1
caper	bed	-1
territory	england	-1
wrapping	move	-1
jaw	girdle	-1
understructure	hairstyle	-1
structure	causing	-1
rear	skillfulness	-1
ohio	cincinnati	-1
aircraft	compartment	-1
thoracic_cavity	joint	-1
ontogeny	inflorescence	-1
blow	thrash	-1
rightfield	diamond	-1
urinary_bladder	ureter	-1
pancreas	pancreas	-1
say	plaster	-1
culture	culture	-1
slave	portion	-1
parachute	parachuting	-1
medulla_oblongata	medulla_oblongata	-1
scope	yoke	-1
edifice	slaying	-1
pushcart	lumber	-1
orb	conjunctiva	-1
endometrium	orb	-1
headlight	headlight	-1
roe_deer	oxen	-1
archaism	trunk	-1
timber	eating_utensil	-1
chemistry	make	-1
lobe	lobe	-1
headgear	drill	-1
underwear	underwear	-1
tract	find	-1
rolling	tap	-1
roast	panel	-1
portion	smoke	-1
european	asia	-1
badlands	town	-1
undersurface	sole	-1
roof	sapote	-1
space	space	-1
equinox	abutment	-1
mistake	cards	-1
inactivity	storehouse	-1
tummy	tummy	-1
flying	house	-1
route	way	-1
hold	waterwheel	-1
whip	arthropod	-1
lid	hit	-1
canadian	vehicle	-1
england	gathering	-1
tehran	roman_empire	-1
exorcism	wing	-1
helsinki	wales	-1
luggage	hold	-1
walking	ante	-1
rolling	craps	-1
ny	waterfall	-1
krypton	cl	-1
kilogram	tonality	-1
flooring	folding_chair	-1
law	upbringing	-1
dyspnoea	disease	-1
chassis	hot_rod	-1
brainstem	brainstem	-1
nj	nj	-1
world	terra_firma	-1
badlands	woman	-1
edifice	roof	-1
framing	proposition	-1
struggle	head	-1
blood	vertebrate	-1
trademark	lipitor	-1
commune	sami	-1
sesamoid_bone	axial_skeleton	-1
edifice	restaurant	-1
production	book	-1
locker_room	edifice	-1
mammary_gland	udder	-1
virginia	norfolk	-1
location	urging	-1
device	applier	-1
economy	civilization	-1
colorado	usa	-1
pulse_generator	pulse_generator	-1
geezer	property	-1
treadle	brakes	-1
head	ear	-1
condyle	temporal_bone	-1
progress	inch	-1
shutter	plane	-1
zipper	eggs	-1
wv	billionth	-1
wheeling	quintillion	-1
quran	music	-1
widget	gun	-1
hysterectomy	edifice	-1
limb	thigh	-1
shelf	coliseum	-1
head	slug	-1
shaking_palsy	tremor	-1
music	music	-1
paw	homo_sapiens	-1
vicinity	whole	-1
midsection	venter	-1
wheel	container	-1
ciao	europe	-1
plane	rider	-1
seafaring	powerboat	-1
removal	pin	-1
temperament	reclusiveness	-1
textile	rug	-1
quill	rodent	-1
commonwealth	puerto_rico	-1
nigeria	nigeria	-1
carry	spatula	-1
roman_empire	southeast_asia	-1
mecca	mecca	-1
typewriter	grand_piano	-1
structure	prefrontal_lobe	-1
control	jaw	-1
klaxon	klaxon	-1
structure	house	-1
knit	piece	-1
sauce	track	-1
colorado	ri	-1
spinal_cord	spinal_fluid	-1
vertebrate	shoulder	-1
leg	ulnar_nerve	-1
wing	bird's_foot	-1
port	south_korea	-1
oregon	oregon	-1
timepiece	striated_muscle	-1
trade	rider	-1
schoolwork	teaching	-1
bam	tehran	-1
chromosome	structure	-1
pad	placental_mammal	-1
oakland	yemen	-1
unguent	pharmacy	-1
headgear	train	-1
point	scoring	-1
dorsum	waistline	-1
portland	scablands	-1
dallas	plano	-1
fracture	tipper	-1
bomber	tank	-1
cathedral	monastery	-1
feeding	illuminant	-1
fingerboard	ukulele	-1
cerebrum	structure	-1
increase	telecommunication	-1
land	threepence	-1
drug	collection	-1
flooring	partition	-1
tailgate	truck	-1
archway	edifice	-1
fresnel_lens	gun	-1
hydrosphere	produce	-1
pillar	pantheon	-1
march	nail	-1
seafaring	vehicle	-1
roofing	trade	-1
toboggan	sport	-1
shoe	eyelet	-1
jerusalem	gaza_strip	-1
regime	interpellation	-1
scruple	scruple	-1
adagio	registrant	-1
sky	stratum	-1
instrumentation	toilet	-1
mixture	groundwork	-1
increase	outbuilding	-1
hanover	port	-1
tramp	river	-1
esquire	westminster	-1
optic	optic	-1
shoulder	oak_tree	-1
tool	ureter	-1
finger	mammalian	-1
badlands	pierre	-1
tap	tap	-1
venter	umbilicus	-1
journalist	scotland	-1
beefsteak	repast	-1
gallbladder	trunk	-1
pecker	rump	-1
drawer	rower	-1
saddle	saddle	-1
cap	cap	-1
room	people	-1
northern_ireland	czech_republic	-1
clinch	digit	-1
vehicle	sleigh	-1
white	ingredient	-1
jaw	trauma	-1
organ	lobe	-1
namesake	gatekeeper	-1
penny	franc	-1
suds	watch	-1
vernacular	oxen	-1
blade	portion	-1
usa	houston	-1
stanza	fascination	-1
ride	reprobate	-1
centrum	saucer	-1
pantomime	play	-1
pie	ri	-1
handrail	track	-1
suspender	stripe	-1
telecommunication	telegraphy	-1
move	leg	-1
centrum	move	-1
patching	papering	-1
metamorphic_rock	session	-1
loquat_tree	loquat_tree	-1
head	limping	-1
foreshore	lake	-1
zipper	leg	-1
stage	straggle	-1
tumbling	tumbling	-1
shamanism	pittsburgh	-1
twig	holdfast	-1
hoops	shoot	-1
usa	south_dakota	-1
polenta	procurer	-1
jaw	cranium	-1
set	ride	-1
maturity	society	-1
dressing_room	corporation	-1
quadruped	bird	-1
physics	chemistry	-1
atmosphere	hydrosphere	-1
edifice	showroom	-1
loins	fatty_tissue	-1
graduate	chemistry	-1
seashore	seashore	-1
tabernacle	usa	-1
throw	innings	-1
huntington	pennsylvania	-1
coronary_artery	common_bile_duct	-1
palliative	manicurist	-1
floorboard	limousine	-1
therapeutic	massager	-1
casing	computing	-1
warp	sham	-1
oregon	portland	-1
luggage	strap	-1
chromosome	sermon	-1
bidding	declaration	-1
support	shorebird	-1
choir	rib	-1
suppressor_gene	biochemistry	-1
march	pall	-1
amarillo	music	-1
smoother	fridge	-1
stopper	sweep	-1
suzerain	moshav	-1
hold	ward	-1
springiness	line	-1
porcupine	rodent	-1
trial	naturalization	-1
critic	umbrella	-1
taint	world	-1
bed	rest	-1
yip	bark	-1
getting	chemistry	-1
portland	pacific_northwest	-1
canoe	downhill	-1
nh	quintillion	-1
platform	pectoralis	-1
publication	publication	-1
evasion	frock	-1
postcard	waterline	-1
tale	temple	-1
turbojet	propeller_plane	-1
structure	sole	-1
england	manchester	-1
artifact	strip	-1
paw	pes	-1
lock	commode	-1
slipknot	temptation	-1
midfield	propellent	-1
shelf	shelf	-1
insect	insect	-1
chamfer	practice	-1
bison	sunbelt	-1
see	somnambulism	-1
wales	mona	-1
cornea	structure	-1
attribution	subsumption	-1
siege	syracuse	-1
window	threshold	-1
magnifier	telescope	-1
vulva	vulva	-1
fez	moroccan	-1
badge	election	-1
withers	equine	-1
saying	elephant	-1
hemp	hemp	-1
yip	resolve	-1
struggle	pilot	-1
axial_skeleton	vertebrate	-1
plane	motorcar	-1
personality	trait	-1
wing	repast	-1
dm	mm	-1
drug	agent	-1
vegetation	roost	-1
edge	outgrowth	-1
book	psalms	-1
mothball	cornea	-1
head	formation	-1
bird	leg	-1
woof	warp	-1
side	toecap	-1
aggressiveness	warfare	-1
salisbury	continent	-1
head	shower_stall	-1
fly	thigh	-1
tongue	sassing	-1
vertebrate	vertebrate	-1
point	reaction	-1
piece	mastication	-1
force	smoke	-1
ohio	south_dakota	-1
rise	panellist	-1
proverbs	lamentations	-1
edge	rib	-1
pilot	shape	-1
shoe	sandal	-1
deliberation	show	-1
scotland	sudan	-1
button	veil	-1
houston	essen	-1
bali	principality	-1
deer	sika	-1
motor	fridge	-1
cut	house	-1
structure	region	-1
pittsburgh	yankee	-1
space	cord	-1
seat	handlebar	-1
port	asia	-1
trunk	saint	-1
rate	upgrade	-1
tongue	tongue	-1
centavo	cent	-1
writings	writings	-1
el_paso	plano	-1
game	reach	-1
sudan	hill	-1
supernaturalism	wizard	-1
flower	calendula	-1
striated_muscle	watch	-1
truck	stabilizer_bar	-1
placental_mammal	ungulate	-1
intervertebral_disk	head	-1
porcupine	insectivore	-1
smoke	gigabyte	-1
springtime	abutment	-1
word	megabyte	-1
jock	tract	-1
houston	plano	-1
usa	sea	-1
line	ps	-1
wound	citrus_fruit	-1
notochord	centrum	-1
carom	mere	-1
subjugation	shoot	-1
picture	shipbuilding	-1
bam	shiraz	-1
distinction	lid	-1
tollhouse	library	-1
zipper	jean	-1
sieve	pallet	-1
artery	connective_tissue	-1
powerhouse	station	-1
usa	manitoba	-1
river	confederate	-1
machine_gunner	machine_gunner	-1
shading	scarf	-1
nebraska	nebraska	-1
south_dakota	billionth	-1
fly	fowl	-1
confession	slave	-1
trope	trope	-1
heading	fauna	-1
weave	reptilian	-1
supply	wing	-1
loft	parable	-1
camden	princeton	-1
middle	wet	-1
ohio	ohio	-1
doubling	trumpet	-1
voracity	hypoxia	-1
lock	hockey	-1
thinning	rotary_actuator	-1
terseness	megabyte	-1
anoxia	choking	-1
princeton	usa	-1
orderliness	materiel	-1
structure	clinch	-1
tug	shopping	-1
rump	pickaxe	-1
strengthener	footwear	-1
basque	spaniard	-1
radiator_grille	sedan	-1
wind	tampa_bay	-1
fort_wayne	usa	-1
cerebrum	loft	-1
sapodilla_tree	sapota	-1
lathe	jaw	-1
parturition	birth	-1
footwear	trunk	-1
room	workplace	-1
locker_room	locker_room	-1
shower_curtain	toilet	-1
wink	hr	-1
thigh	knickers	-1
arrangement	shelter	-1
edifice	hotel	-1
articulator	bird	-1
ontario	british_columbia	-1
limit	flaps	-1
barcelona	sangria	-1
artery	head	-1
virginia	confederate	-1
tremor	tremor	-1
fleet	theory	-1
plane	surface	-1
quarters	totality	-1
location	aerospace	-1
paw	handrail	-1
friend	pair	-1
die	period	-1
paw	grownup	-1
synovial_joint	man	-1
buckle	buckle	-1
supporter	cask	-1
cincinnati	cincinnati	-1
dining_room	condominium	-1
knower	concurrency	-1
helium	formation	-1
percussive_instrument	proceedings	-1
deck	cockatoo	-1
whole	over	-1
summertime	june	-1
suburbia	london	-1
pierre	virginia	-1
sea	water	-1
process	rod	-1
genetics	inheritance	-1
firewood	surface	-1
shoestring	sandal	-1
boat	diner	-1
motor	smoother	-1
cabinet	shelf	-1
glade	short	-1
tail	cue	-1
urging	boot	-1
seawater	layer	-1
south_africa	encampment	-1
edifice	edifice	-1
desert	rejection	-1
womb	mucous_membrane	-1
wheel	steal	-1
equipment	smelt	-1
law	cycling	-1
pennsylvania	septillion	-1
organism	soul	-1
urging	wearable	-1
aerosol	sky	-1
actress	waters	-1
elephant	pachyderm	-1
fender	window	-1
throat	windpipe	-1
midsection	twig	-1
whip	whipping	-1
concern	brake_pedal	-1
princeton	tx	-1
waft	ruminant	-1
bathroom	movement	-1
hold	sword	-1
parasympathetic_nervous_system	parasympathetic_nervous_system	-1
cannon	bombing	-1
milwaukee	usa	-1
usa	ohio	-1
ordnance	cannon	-1
bear	spotted_hyena	-1
shower_stall	procrastinator	-1
canada	sleigh	-1
blade	mow	-1
walking	felt	-1
usa	milwaukee	-1
trade	help	-1
uterine_artery	carotid_artery	-1
track	parkway	-1
sunset	twilight	-1
plane	rib	-1
evaporation	nearness	-1
sweater	garment	-1
tally	city	-1
nj	town	-1
breath	hyperventilation	-1
shirtfront	garment	-1
equilibrium	clerking	-1
move	yarn	-1
subcontinent	asia	-1
reel	harpoon	-1
bed	bed	-1
spinal_fluid	spinal_fluid	-1
shadow_cabinet	shadow_cabinet	-1
space	set	-1
yip	cinnamon	-1
port	usa	-1
borough	london	-1
motorcar	minicar	-1
eggs	pedagogue	-1
make	ante	-1
tacking	missive	-1
gluteus_muscle	musculature	-1
process	platform	-1
dorsum	wave	-1
region	space	-1
xenon	flowing	-1
niagara_falls	world	-1
backrest	teenager	-1
serving	insect	-1
ftp	umbrella	-1
act	opera_comique	-1
pillar	judaism	-1
quiddity	head	-1
tonne	quintal	-1
vitis_vinifera	vine	-1
south_africa	nigeria	-1
pennsylvania	philadelphia	-1
open	middle	-1
watershed	line	-1
thighbone	supply	-1
fact	needle	-1
electronics	reflector	-1
politics	trouser	-1
windshield	destabilization	-1
waveguide	directional_antenna	-1
tally	square	-1
stem	brooch	-1
house	residence	-1
gun	gunsight	-1
necklace	adornment	-1
woolgathering	drowse	-1
schnauzer	terrier	-1
shiraz	persian	-1
die	lifer	-1
pooch	motorcar	-1
activity	target	-1
statement	regime	-1
advertizing	mope	-1
west	galloway	-1
rodent	rat	-1
nebraska	badlands	-1
pacific_northwest	sextillion	-1
head	clinch	-1
matrix	cranium	-1
mammary_gland	mammary_gland	-1
head	structure	-1
miscount	foal	-1
testis	testis	-1
senility	geezer	-1
topping	hasty_pudding	-1
level	stabilizer_bar	-1
optic	structure	-1
roanoke	usa	-1
motor_vehicle	motorcar	-1
urinary_tract	ureter	-1
pallium	prefrontal_lobe	-1
agent	pharmacopoeia	-1
penal_institution	main	-1
surface	world	-1
waterproof	gunsight	-1
singleton	muslin	-1
nyala	africa	-1
device	attractiveness	-1
tract	centerfield	-1
music	folksong	-1
ky	usa	-1
locker_room	shipyard	-1
shift	motor_vehicle	-1
process	occipital_bone	-1
saturation	extraction	-1
geology	welfare	-1
stripe	state	-1
africa	sudan	-1
dayton	dayton	-1
pants	teddy	-1
angle	tonality	-1
spacecraft	spacecraft	-1
zimbabwe	salisbury	-1
oar	turbine	-1
environment	computing	-1
white	shell	-1
spiel	device	-1
usa	tacoma	-1
pipework	anode	-1
head	eating_utensil	-1
word	music	-1
largo	adagio	-1
lamentations	sympathizer	-1
shore	river	-1
oxen	horse	-1
sunhat	circus	-1
wearable	punting	-1
member	mullet	-1
lakeland	manchester	-1
rod	rod	-1
environmentalist	faddist	-1
oropharynx	neck	-1
wile	aggressiveness	-1
nucleus	dialysis	-1
galloway	europe	-1
hair	vertebrate	-1
hereafter	birth	-1
clinch	tide	-1
scope	scope	-1
spain	port	-1
insulation	surgery	-1
trap	marabout	-1
cookware	trance	-1
tilt	onslaught	-1
textile	waterproof	-1
lock	palisade	-1
extraction	suffusion	-1
vacuum_tube	plate	-1
academia	world	-1
frustration	sprout	-1
reordering	revoke	-1
dialysis	qualitative_analysis	-1
clustering	jacket	-1
tastebud	windpipe	-1
dna	synthetic_resin	-1
huntington	huntington	-1
lip	lip	-1
process	hare	-1
panellist	icon	-1
usa	ri	-1
water	sea	-1
brownshirt	germany	-1
compartment	aircraft	-1
antiquity	revivification	-1
yield	set	-1
italian	sangria	-1
sheep	equine	-1
plane	set	-1
kickstand	mine	-1
ricochet	pool	-1
point	electrode	-1
powerboat	windlass	-1
cord	heel	-1
hole	optometrist	-1
fight	heel	-1
bathroom	shower_stall	-1
lure	hunting	-1
topping	tiffin	-1
suffocation	hypoxia	-1
sweet_almond	sweet_almond	-1
icon	panel	-1
spaghetti_sauce	sauteing	-1
track	computing	-1
usa	pacific_northwest	-1
westminster	westminster	-1
stocker	fishing_rod	-1
totality	university	-1
adornment	south	-1
trucking	truck	-1
ky	sunbelt	-1
seminal_fluid	fish	-1
applier	organist	-1
crt	magnitude	-1
dresser	wearable	-1
rider	odometer	-1
pacific_northwest	idaho	-1
ticker	atrioventricular_valve	-1
temple	utah	-1
inflorescence	inflorescence	-1
cheek	vise	-1
ps	card	-1
board	organism	-1
trucking	tree	-1
natal	south	-1
usa	cincinnati	-1
motor_vehicle	organist	-1
stripe	jar	-1
respect	numbering	-1
racine	usa	-1
yield	pan	-1
rump	rump	-1
landscape	yard	-1
endocrine_gland	spoon	-1
pubis	prong	-1
venter	abdominal_cavity	-1
way	indenture	-1
artifact	philology	-1
vernacular	mustache	-1
terra_firma	ocean	-1
man	leg	-1
typewriter	keyboard	-1
course	teatime	-1
saudi_arabia	saudi_arabia	-1
neon	pasta	-1
coliseum	tribune	-1
schoolwork	tutor	-1
restraint	skillet	-1
handrail	structure	-1
cerebrum	gyrus	-1
poultry	wheel	-1
gunsight	cannon	-1
motorcycle	roll	-1
station	triode	-1
prepuce	vulva	-1
series	module	-1
salivary_gland	spittle	-1
syphilis	sore	-1
weekend	weekend	-1
quadruped	hind_leg	-1
telecommunication	wireless	-1
week	suite	-1
resolve	personality	-1
intestine	trunk	-1
session	block	-1
usa	union	-1
tacoma	south_dakota	-1
release	pamphlet	-1
irresolution	punishment	-1
gaza_strip	moshav	-1
structure	parietal_lobe	-1
charge	stabilizer_bar	-1
pueblo	utah	-1
eye	encouragement	-1
europe	swastika	-1
socket	centrum	-1
waver	dram	-1
usa	mm	-1
saturation	saturation	-1
woolgathering	dreaming	-1
brace	room	-1
collection	timer	-1
typewriter_keyboard	vacuum_tube	-1
valve	atrioventricular_valve	-1
dna	kinetochore	-1
crustacea	sorority	-1
centrum	collarbone	-1
inconvenience	cyberwar	-1
playing	improvisation	-1
vocabulary	oratory	-1
moonshiner	dissociation	-1
usa	wyoming	-1
degradation	wheelbarrow	-1
writings	crammer	-1
optic	uvea	-1
undersurface	klavern	-1
latticework	hold	-1
roman	zambia	-1
scissors	hold	-1
glasgow	glasgow	-1
nebraska	philadelphia	-1
teaching	teaching	-1
jena	london	-1
subunit	penny	-1
blade	shears	-1
thruway	carriageway	-1
penal_institution	penal_institution	-1
waistline	paunch	-1
spain	rome	-1
trial	law	-1
cockpit	roof	-1
wheel	brakes	-1
south_korea	continent	-1
system	vertebra	-1
waggle	tipper	-1
micron	nm	-1
infield	conspiracy	-1
lock	dresser	-1
structure	carnivore	-1
wall	arm	-1
substance	transitivity	-1
citrus_fruit	lemon	-1
world	zipper	-1
africa	zimbabwe	-1
ontogeny	process	-1
knob	briefcase	-1
italy	savoy	-1
goose	invertebrate	-1
ticker	ticker	-1
km	km	-1
state	moshav	-1
scut	flag	-1
italy	explorer	-1
compound	fertilized_egg	-1
explosive_device	circulatory_system	-1
musculus	striated_muscle	-1
square	square	-1
stoppage	hold	-1
prorogation	cartoonist	-1
inductee	crustacean	-1
youngness	age	-1
garment	jacket	-1
translator	rhomboid_muscle	-1
tail	thigh	-1
poultry	gabriel	-1
rocker	armchair	-1
correspondence	missive	-1
salivary_gland	salivary_gland	-1
sauceboat	repast	-1
wipe	motorcycle	-1
harmony	hold	-1
smoother	trolleybus	-1
play	opera_comique	-1
ventricle	spinal_cord	-1
megabit	terabit	-1
charleston	germany	-1
motor_vehicle	scope	-1
script	writings	-1
feeding	reversal	-1
busbar	worker	-1
listing	point	-1
colloquialism	clinch	-1
mucous_membrane	orb	-1
axillary_artery	ilium	-1
umbilicus	tabulator	-1
turbojet_engine	turbojet	-1
endocrine_gland	anterior_pituitary_gland	-1
trunk	trunk	-1
sprout	prism	-1
pancreas	pancreatic_duct	-1
upper_deck	pirate_ship	-1
emir	sudan	-1
bark	forebear	-1
midstream	river	-1
ranting	tubing	-1
verbosity	knapweed	-1
england	virginia	-1
strengthener	prowess	-1
scut	ruminant	-1
powerboat	truck	-1
trouser	seats	-1
wales	ri	-1
organ	cytoplasm	-1
eating_utensil	label	-1
source	sang	-1
organization	instrumentation	-1
timber	line	-1
hemp	indian_hemp	-1
base	jar	-1
southeast_asia	tegu	-1
renascence	official	-1
atom	team	-1
vertebra	axial_skeleton	-1
zipper	neckline	-1
opening	photographic_emulsion	-1
month	weekend	-1
scissors	mow	-1
sword	division	-1
spermatozoon	expelling	-1
pleading	upbringing	-1
physiotherapy	physiotherapist	-1
support	utah	-1
sieve	mere	-1
progress	step	-1
canada	canada	-1
trait	cards	-1
cathedral	cathedral	-1
venue	angle	-1
bifocals	sunglasses	-1
england	esquire	-1
terabit	terabit	-1
tx	southerner	-1
pallium	lithosphere	-1
procurer	london	-1
fresnel_lens	fresnel_lens	-1
watching	amplifier	-1
horse	flag	-1
truck	boat	-1
eye	awl	-1
spile	nitrate	-1
meritocracy	costa	-1
secretion	salivary_gland	-1
electromagnetic_spectrum	electromagnetic_spectrum	-1
lifetime	lifer	-1
whole	chemistry	-1
buffalo	england	-1
blow	ranting	-1
usa	badlands	-1
lancaster	europe	-1
hydrosphere	lamina	-1
trunk	root	-1
flower	sprouting	-1
hydraulics	wrecking	-1
autonomic_nervous_system	autonomic_nervous_system	-1
syndicalist	physics	-1
asia	lebanon	-1
backhoe	dredge	-1
headgear	odometer	-1
pallium	temporal_lobe	-1
paw	pole	-1
nightie	lingerie	-1
north	micron	-1
holdfast	zipper	-1
hit	truck	-1
tx	plano	-1
sura	sura	-1
skullcap	temporal_bone	-1
federation	union	-1
compartment	region	-1
window	window	-1
venter	beech_tree	-1
collection	pail	-1
inability	ante	-1
pyrexia	autoimmune_disorder	-1
syracuse	waterfall	-1
aperture	mucous_membrane	-1
ocean_liner	cockpit	-1
pilot	colosseum	-1
barrio	division	-1
stone	segment	-1
carotid_artery	spoon	-1
retreat	visionary	-1
fight	irregular	-1
compensation	trial	-1
pelage	vertebrate	-1
embryology	parity	-1
ois	fight	-1
umbrella	tipi	-1
cathode	lamina	-1
wight	compartment	-1
maths	connective_tissue	-1
radio_frequency	spectrum	-1
spoliation	publication	-1
speech	speech	-1
tennis	track	-1
desk	eggs	-1
head	reptilian	-1
bract	ontogeny	-1
affix	statement	-1
forearm	ulna	-1
meritocracy	residence	-1
institution	layer	-1
speediness	rate	-1
spain	continent	-1
trunk	motorcar	-1
rib	structure	-1
hallux	leg	-1
flower	improver	-1
chair	folding_chair	-1
temporal_bone	endoskeleton	-1
zoology	clasp	-1
trotter	wolf	-1
improvised_explosive_device	explosive	-1
vibration	aphasia	-1
magnet	electromagnet	-1
yell	law	-1
hold	controller	-1
remedy	expansion	-1
june	summertime	-1
arm	garment	-1
trunk	dorsum	-1
thoroughfare	river	-1
mallow	hashish	-1
british_columbia	pogy	-1
label	analyzer	-1
barb	pencil	-1
bit	strap	-1
hadron	hadron	-1
emersion	registration	-1
instep	toe	-1
cytosine	short	-1
window	treadle	-1
sweep	stage	-1
clitoris	vulva	-1
ticker	lymph	-1
centrum	intervertebral_disk	-1
epithelial_cell	epithelial_cell	-1
shape	hold	-1
dorsum	vernacular	-1
inch	chain	-1
pool	pool	-1
biochemistry	synthetic_resin	-1
mihrab	mihrab	-1
company	issuer	-1
physics	solid	-1
biotechnology	nucleus	-1
oxen	herd	-1
region	ionosphere	-1
job	lamentations	-1
fertilized_egg	pursuit	-1
dispatch	movement	-1
gunsight	number	-1
casing	entryway	-1
sign	scut	-1
tummy	pronghorn_antelope	-1
satellite	spacecraft	-1
kilohertz	hz	-1
helm	parting	-1
clause	manifest	-1
head	union	-1
throat	carotid_artery	-1
sinking	souse	-1
felicitation	stork	-1
position	equipment	-1
iliac_artery	pelvis	-1
testis	vas_deferens	-1
turtleneck	holdfast	-1
eating_utensil	discontinuation	-1
ventricle	spinal_fluid	-1
farm	broadcast	-1
water	river	-1
artery	uterine_cervix	-1
wv	wheeling	-1
tugboat	powerboat	-1
whipping	bird	-1
heat_shield	heat_shield	-1
lock	holdfast	-1
africa	africa	-1
urethra	urethra	-1
vitis_vinifera	vitis_vinifera	-1
rotor	propellor	-1
swing	yard	-1
dining_room	tenant	-1
thighbone	thighbone	-1
achievement	achievement	-1
barn	mower	-1
gun	gun	-1
marble	stone	-1
town	tx	-1
gigabyte	exabyte	-1
equality	sport	-1
array	matrix	-1
paterson	newark	-1
county	union	-1
playing	spiel	-1
cards	pool	-1
bounds	feline	-1
quid	quid	-1
crisis	epitope	-1
ontogeny	teething	-1
ride	tramway	-1
vernacular	window	-1
dorsum	venter	-1
tilt	spatula	-1
urinary_tract	vulva	-1
source	twig	-1
cranium	vise	-1
el_paso	micron	-1
words	channelization	-1
house	concern	-1
europe	roman_empire	-1
usa	wellington	-1
yemen	south_korea	-1
book	torah	-1
nyala	nyala	-1
motorcar	stabilizer_bar	-1
door	top	-1
rig	arrowhead	-1
manchester	manchester	-1
proscenium	proscenium	-1
spike	boot	-1
toe	heel	-1
drawing	smoking	-1
hip	venter	-1
rattle	pit_viper	-1
term	statement	-1
canada	niagara_falls	-1
suture	lock	-1
cinnamon_bark	sauce	-1
strip	stuff	-1
trouser	jean	-1
trumpeter	square	-1
usa	yankee	-1
travail	ante	-1
tx	amarillo	-1
academia	computing	-1
seat	trunk	-1
schoolwork	lecturing	-1
side	actress	-1
continent	grouping	-1
motorcar	wiper_blade	-1
omelette	nosh	-1
sequence	university	-1
holdfast	lumberman	-1
tree	retreat	-1
saving	penance	-1
taro	progenitor	-1
dominican_republic	san_juan	-1
tip	segment	-1
structure	paw	-1
terra_firma	state	-1
block	throw	-1
dominican_republic	puerto_rico	-1
site	location	-1
kickstand	cycling	-1
waterfall	hydrosphere	-1
segment	instep	-1
actress	actress	-1
usa	colorado_springs	-1
south_africa	natal	-1
territorial_waters	hydrosphere	-1
reticule	lense	-1
lobe	vestment	-1
compartment	motorcar	-1
doubling	revoke	-1
wrench	jaw	-1
understructure	construction	-1
cartwheel	wagon	-1
ship	disappearing	-1
crown	track	-1
breath	panting	-1
sword	sword	-1
mailing	wharfage	-1
transmitter	tape_recorder	-1
passageway	artifact	-1
spectacles	goggles	-1
physics	hadron	-1
reel	rod	-1
garland	el_paso	-1
cards	tiffin	-1
nigerian	lagos	-1
cornstalk	region	-1
terminus	anode	-1
articulator	nasopharynx	-1
terminus	cause	-1
outfield	rightfield	-1
endometrium	endometrium	-1
writings	proverbs	-1
mineralogy	washington	-1
set	set	-1
release	buckle	-1
pallium	stratum	-1
atmosphere	atmosphere	-1
week	gathering	-1
mounting	stove	-1
tramway	line	-1
brake_pedal	motor_vehicle	-1
titty	titty	-1
tollhouse	tollhouse	-1
gristle	headgear	-1
thrust	goat	-1
jackrabbit	rabbit	-1
institution	side	-1
second	hr	-1
tummy	sternum	-1
seawater	sea	-1
cambridge	oxford	-1
hypothesis	groundwork	-1
move	whitetail_deer	-1
increment	rib	-1
mona	port	-1
deer	wapiti	-1
nj	princeton	-1
heel	region	-1
mitosis	cytokinesis	-1
subsidization	garb	-1
warder	session	-1
holdfast	fauna	-1
enclosure	mihrab	-1
sura	romance	-1
hold	knob	-1
canada	british_columbia	-1
acrosome	process	-1
persian	meshed	-1
spaniard	spain	-1
urethra	prepuce	-1
kitchen	schoolhouse	-1
fluorine	carbon	-1
shadow_cabinet	auxiliary	-1
palisade	stairway	-1
dining_room	compounding	-1
implement	pin	-1
tail	shipment	-1
histology	solidifying	-1
usa	pittsburgh	-1
nasopharynx	scruff	-1
chromosome	organism	-1
digit	structure	-1
kettle	tub	-1
vestibule	scullery	-1
hair	scaly_anteater	-1
headgear	thorax	-1
toilet	yurt	-1
tonne	tonne	-1
broom	shrub	-1
trade	tending	-1
wait	handset	-1
lymph	ticker	-1
introduction	oratory	-1
rotation	school	-1
scuba	abdominal_cavity	-1
deadbolt	door	-1
ship	bollard	-1
thrust	swine	-1
meshing	lock	-1
trunk	vertebrate	-1
set	torture	-1
coercion	pilot	-1
beachfront	sociality	-1
scope	sweep	-1
sham	bird	-1
zipper	stitchery	-1
wager	excavation	-1
midpoint	target	-1
carpel	veronica	-1
jaw	lathe	-1
corolla	petal	-1
uncovering	egg	-1
sauce	kedgeree	-1
portion	hallux	-1
tract	carbon	-1
pistil	sunflower	-1
whole	occultation	-1
asphyxia	asphyxia	-1
sore	syphilis	-1
sacrum	girdle	-1
subunit	dollar	-1
neckline	cardigan	-1
scorer	shape	-1
musculus	abdominal_muscle	-1
tehran	persian	-1
wheel	poultry	-1
studying	mercantilism	-1
colloquialism	pickup	-1
organ	stairway	-1
drill	cap	-1
marrow	sister	-1
flower	zinnia	-1
score	source	-1
laurels	user_interface	-1
sternum	trunk	-1
seaplane	tugboat	-1
hub	need	-1
snowflake	suddenness	-1
cm	micron	-1
vertebral_column	intervertebral_disk	-1
lamp	photoflash	-1
plane	airliner	-1
spain	european	-1
flowing	insect	-1
unmentionable	headgear	-1
garment	shirt	-1
intimidation	warfare	-1
game	shoot	-1
member	pectoralis	-1
wipeout	falsifier	-1
germany	store	-1
sweden	lund	-1
wing	gabriel	-1
spitting	sunhat	-1
wearable	headgear	-1
reordering	cards	-1
artifact	molecule	-1
forearm	armament	-1
fertilized_egg	checkout	-1
uterine_cervix	scaly_anteater	-1
incompetent_cervix	uterine_cervix	-1
ctc	npc	-1
tract	turncoat	-1
backbench	spigot	-1
africa	zambia	-1
device	sleigh	-1
occupation	state	-1
tx	el_paso	-1
boat	edifice	-1
south_carolina	tx	-1
solid	receptacle	-1
cut	combing	-1
fingerprint	hemorrhagic_stroke	-1
furnace	surface	-1
stretch	debasement	-1
arm	adjudicator	-1
vulva	clitoris	-1
triggerman	tank	-1
nucleolus	comet	-1
frame	sunglasses	-1
nighttime	trope	-1
abortionist	speech	-1
edge	sunhat	-1
wreath	tx	-1
acrosome	seminal_fluid	-1
ois	hhs	-1
toucher	drink	-1
tastebud	nasopharynx	-1
pointer	watch	-1
abdominal_cavity	withdrawal	-1
nm	north	-1
optic	conjunctiva	-1
tx	waco	-1
step	swindle	-1
headlight	fresnel_lens	-1
autostrada	autostrada	-1
nm	cm	-1
omaha	badlands	-1
variety	biology	-1
share	surface	-1
temporary_injunction	designation	-1
brake_pedal	roll	-1
container	machine	-1
speech	attention	-1
sunday	sunday	-1
pall	bathroom	-1
mothball	uvea	-1
structure	lymph	-1
spoon	table	-1
december	xmas	-1
water	nutrient	-1
carry	congenital_disorder	-1
rabbit	tail	-1
state	turkey	-1
arthropod	lobster	-1
sting_operation	stairway	-1
horsemanship	windshield	-1
morocco	morocco	-1
siege	ontario	-1
waveguide	wire	-1
rent	electric_motor	-1
connective_tissue	os	-1
clutch_pedal	shape	-1
organelle	organelle	-1
venter	abdominal_muscle	-1
ciao	savoy	-1
island	newport	-1
north	septillion	-1
smoke	fag	-1
san_antonio	motown	-1
tale	sandman	-1
winder	rod	-1
head	swelling	-1
store	rook	-1
see	compendium	-1
edge	tub	-1
pallium	vestment	-1
spacecraft	heat_shield	-1
turbine	propellor	-1
attractiveness	hunting	-1
shoe	dropkick	-1
wheel	trunk	-1
economy	pastureland	-1
portion	leg	-1
sierra_leone	roman_empire	-1
formation	work	-1
chemistry	histology	-1
american	whiff	-1
railing	balcony	-1
raid	tap	-1
expelling	trope	-1
eating_utensil	tug	-1
slaughterer	slaughter	-1
economy	society	-1
amarillo	dallas	-1
culture	fructification	-1
escape_hatch	edifice	-1
cl	butane	-1
record	tombstone	-1
terminus	terminus	-1
sketch	communicator	-1
device	oxygen_mask	-1
musculature	endoskeleton	-1
spar	line	-1
marabou	stork	-1
valve	liver	-1
tx	american	-1
quran	ontogeny	-1
pound	quarter	-1
cardigan	garment	-1
chester	pittsburgh	-1
fencing	sick	-1
rest	shelter	-1
water	hemisphere	-1
lighter	expatriate	-1
provo	union	-1
management	journeying	-1
nail	scratchpad	-1
usa	casper	-1
knit	fitting	-1
germanium	bromine	-1
usa	ny	-1
seattle	thespian	-1
vulva	ureter	-1
electromagnetic_spectrum	scope	-1
pulse_generator	directional_antenna	-1
philadelphia	usa	-1
suppressor_gene	nucleic_acid	-1
wadding	yawner	-1
cannes	procurer	-1
infield	bottle	-1
shine	mine	-1
catacomb	rome	-1
dm	diabetes	-1
pretend	stairway	-1
albuquerque	mm	-1
wall	flooring	-1
milligram	microgram	-1
hallux	failure	-1
europe	emir	-1
rise	movement	-1
ohio	tx	-1
emir	nyala	-1
ratchet	pawl	-1
millennium	century	-1
jackfruit_tree	jackfruit_tree	-1
taster	serving	-1
handwheel	circulatory_system	-1
optic	optometrist	-1
el_paso	amarillo	-1
separatism	mucous_membrane	-1
getting	ferrying	-1
savoy	polenta	-1
head	head	-1
antihistamine	piece	-1
woodland	nm	-1
corpus_christi	usa	-1
vulva	urinary_tract	-1
yard	physics	-1
piloting	leaving	-1
vulva	kidney	-1
tastebud	terra_firma	-1
motorcar	wing	-1
regeneration	nucleus	-1
dna	compound	-1
tank	tank	-1
route	line	-1
casper	casper	-1
bracing	slugger	-1
medina	medina	-1
training	device	-1
powerhouse	work	-1
percipient	motion	-1
rotary_actuator	restaurant	-1
pile	corporal_punishment	-1
souse	deposition	-1
entryway	wall	-1
condyle	collarbone	-1
south_korea	collection	-1
want	strip	-1
point	venter	-1
secretion	spittle	-1
carry	knavery	-1
centerfield	checkerboard	-1
grape	chardonnay_grape	-1
maturity	maturity	-1
pincer	member	-1
port	mel_gibson	-1
nail	finger	-1
bed	structure	-1
oxen	trot	-1
territory	genus_homo	-1
curry_powder	ride	-1
cornstalk	wineglass	-1
maths	artifact	-1
tongue	epiglottis	-1
shore	land	-1
deer	withers	-1
shank	equine	-1
workman	travail	-1
utah	tabernacle	-1
spike	fruit	-1
sweater	sweater	-1
bird	egg	-1
stroke	fracture	-1
broom	sweep	-1
optic	hull	-1
oar	oar	-1
sword	hold	-1
synovial_joint	endoskeleton	-1
outburst	snowflake	-1
source	arrowhead	-1
mumbling	surplusage	-1
syllogism	sorting	-1
wimbledon	portsmouth	-1
surface	vogue	-1
bird	quadruped	-1
ticker	wrench	-1
dishware	dish	-1
nih	tsa	-1
grape	vitis	-1
wagon	throttling	-1
rhetoric	shadowboxing	-1
formation	digit	-1
motor_vehicle	treadle	-1
zettabyte	terabyte	-1
device	motorcar	-1
tail	hull	-1
shipyard	store	-1
shape	crt	-1
stockpile	pencil	-1
south	county	-1
mountaineering	rack	-1
tx	port	-1
falsifier	fluctuation	-1
law	way	-1
vas_deferens	spermatic_cord	-1
morocco	fez	-1
limb	garment	-1
roping	warship	-1
worker	performing_arts	-1
lift	stairway	-1
sole	toe	-1
ukulele	usa	-1
operon	structure	-1
percussive_instrument	pianoforte	-1
stockpile	rear	-1
oar	propellor	-1
radio_frequency	radio_frequency	-1
panel	cart	-1
buffalo	usa	-1
shield	shell	-1
scotland	spain	-1
virginia	virginia	-1
ctc	wv	-1
psf	roman	-1
array	array	-1
entablature	slaughterhouse	-1
partridge	manitoba	-1
terrorist	molecule	-1
artery	liver	-1
clasp	wagon	-1
drill	trapping	-1
south_dakota	badlands	-1
rf	medulla_oblongata	-1
europe	lancaster	-1
spacecraft	cabin	-1
plank	lighter	-1
volcano	mountain	-1
virginia	roanoke	-1
web	web	-1
urination	swimmer	-1
wank	furlong	-1
spain	roman_empire	-1
dakota	richmond	-1
structure	cerebrum	-1
lp	tailgate	-1
pes	pes	-1
yield	clinch	-1
undersurface	pyrimidine	-1
shoulder	midsection	-1
chorister	choir	-1
request	mailing	-1
indiana	usa	-1
understanding	conspiracy	-1
pistil	daisy	-1
thigh	flying	-1
movement	doubleton	-1
lager	africa	-1
stake	wailer	-1
plank	watercraft	-1
structure	span	-1
cleveland	usa	-1
scotland	criollo	-1
superior_colliculus	superior_colliculus	-1
tribune	bureaucrat	-1
cranium	connective_tissue	-1
bison	ohio	-1
mattress	route	-1
coronary_artery	coronary_artery	-1
sapodilla_tree	sapodilla_tree	-1
artery	artery	-1
tree	trunk	-1
rinsing	garment	-1
scut	jackrabbit	-1
head	politics	-1
ford	river	-1
preparation	educationist	-1
declaration	sweep	-1
jewelry	carrycot	-1
mm	micron	-1
spain	toledo	-1
persimmon_tree	persimmon_tree	-1
mower	wreckage	-1
waveguide	twirler	-1
endoskeleton	skull	-1
striated_muscle	thorax	-1
leaner	slant	-1
mobilization	summoning	-1
supply	stairway	-1
marshall	washington	-1
stop	finisher	-1
persia	southeast_asia	-1
os	vertebrate	-1
venire	side	-1
agglomeration	portion	-1
pennsylvania	mestiza	-1
wreath	liberal_arts	-1
dining_room	strongroom	-1
vine	vine	-1
myth	writing	-1
point	trunk	-1
hold	cart	-1
epitope	immunology	-1
serving	pianoforte	-1
hm	hm	-1
textile	felicitation	-1
strain	flower	-1
questioner	statement	-1
prayerbook	book	-1
squid	criollo	-1
junction	track	-1
asia	north_korea	-1
galloway	italy	-1
troy_ounce	dram	-1
machine	terminal	-1
organ	pallium	-1
terabit	kilobit	-1
geezer	man	-1
stilt	judaism	-1
structure	entablature	-1
ny	dogsled	-1
head	jaw	-1
catchphrase	tune	-1
peg	jewelry	-1
chimney	plate	-1
hydraulic_brakes	treadle	-1
mississippi_river	south	-1
utilization	surgery	-1
costa	sus	-1
skinner	lemon_rind	-1
worship	badminton	-1
instep	span	-1
pennsylvania	chester	-1
fingerboard	stringed_instrument	-1
keyboard	keyboard	-1
organelle	organism	-1
clinic	ward	-1
throat	liberal_arts	-1
bursa	suzerain	-1
syracuse	syracuse	-1
information	needle	-1
morse_code	zip_code	-1
stabber	point	-1
gunlock	gunsight	-1
stroke	billiards	-1
ventilation_shaft	plume	-1
schoolroom	edifice	-1
odometer	propeller_plane	-1
pacific_northwest	general	-1
